-- Insert test Locations records.

INSERT INTO Locations (locationName, capacity)
VALUES ('Deluxe Cabin 1', 6);

INSERT INTO Locations (locationName, capacity)
VALUES ('Deluxe Cabin 2', 6);

INSERT INTO Locations (locationName, capacity)
VALUES ('Small Cabin 1', 4);

INSERT INTO Locations (locationName, capacity)
VALUES ('Small Cabin 2', 4);

INSERT INTO Locations (locationName, capacity)
VALUES ('RV Lot 1', 6);

INSERT INTO Locations (locationName, capacity)
VALUES ('RV Lot 2', 6);

INSERT INTO Locations (locationName, capacity)
VALUES ('RV Lot 3', 6);

INSERT INTO Locations (locationName, capacity)
VALUES ('RV Lot 4', 6);

INSERT INTO Locations (locationName, capacity)
VALUES ('RV Lot 5', 6);


-- Insert test Timeframes records.

-- Cabins
INSERT INTO Timeframes (startDate, endDate, startTime, endTime)
VALUES ('2017-06-01', '2017-06-02', '14:00', '11:00');

INSERT INTO Timeframes (startDate, endDate, startTime, endTime)
VALUES ('2017-06-02', '2017-06-03', '14:00', '11:00');

INSERT INTO Timeframes (startDate, endDate, startTime, endTime)
VALUES ('2017-06-03', '2017-06-04', '14:00', '11:00');

INSERT INTO Timeframes (startDate, endDate, startTime, endTime)
VALUES ('2017-06-04', '2017-06-05', '14:00', '11:00');

INSERT INTO Timeframes (startDate, endDate, startTime, endTime)
VALUES ('2017-06-05', '2017-06-06', '14:00', '11:00');

INSERT INTO Timeframes (startDate, endDate, startTime, endTime)
VALUES ('2017-06-06', '2017-06-07', '14:00', '11:00');

INSERT INTO Timeframes (startDate, endDate, startTime, endTime)
VALUES ('2017-06-07', '2017-06-08', '14:00', '11:00');

INSERT INTO Timeframes (startDate, endDate, startTime, endTime)
VALUES ('2017-06-08', '2017-06-09', '14:00', '11:00');

INSERT INTO Timeframes (startDate, endDate, startTime, endTime)
VALUES ('2017-06-09', '2017-06-10', '14:00', '11:00');

INSERT INTO Timeframes (startDate, endDate, startTime, endTime)
VALUES ('2017-06-10', '2017-06-11', '14:00', '11:00');

INSERT INTO Timeframes (startDate, endDate, startTime, endTime)
VALUES ('2017-06-11', '2017-06-12', '14:00', '11:00');

INSERT INTO Timeframes (startDate, endDate, startTime, endTime)
VALUES ('2017-06-12', '2017-06-13', '14:00', '11:00');

INSERT INTO Timeframes (startDate, endDate, startTime, endTime)
VALUES ('2017-06-13', '2017-06-14', '14:00', '11:00');

INSERT INTO Timeframes (startDate, endDate, startTime, endTime)
VALUES ('2017-06-14', '2017-06-15', '14:00', '11:00');

INSERT INTO Timeframes (startDate, endDate, startTime, endTime)
VALUES ('2017-06-15', '2017-06-16', '14:00', '11:00');

INSERT INTO Timeframes (startDate, endDate, startTime, endTime)
VALUES ('2017-06-16', '2017-06-17', '14:00', '11:00');

INSERT INTO Timeframes (startDate, endDate, startTime, endTime)
VALUES ('2017-06-17', '2017-06-18', '14:00', '11:00');

INSERT INTO Timeframes (startDate, endDate, startTime, endTime)
VALUES ('2017-06-18', '2017-06-19', '14:00', '11:00');

INSERT INTO Timeframes (startDate, endDate, startTime, endTime)
VALUES ('2017-06-19', '2017-06-20', '14:00', '11:00');

INSERT INTO Timeframes (startDate, endDate, startTime, endTime)
VALUES ('2017-06-20', '2017-06-21', '14:00', '11:00');

INSERT INTO Timeframes (startDate, endDate, startTime, endTime)
VALUES ('2017-06-21', '2017-06-22', '14:00', '11:00');

INSERT INTO Timeframes (startDate, endDate, startTime, endTime)
VALUES ('2017-06-22', '2017-06-23', '14:00', '11:00');

INSERT INTO Timeframes (startDate, endDate, startTime, endTime)
VALUES ('2017-06-23', '2017-06-24', '14:00', '11:00');

INSERT INTO Timeframes (startDate, endDate, startTime, endTime)
VALUES ('2017-06-24', '2017-06-25', '14:00', '11:00');

INSERT INTO Timeframes (startDate, endDate, startTime, endTime)
VALUES ('2017-06-25', '2017-06-26', '14:00', '11:00');

INSERT INTO Timeframes (startDate, endDate, startTime, endTime)
VALUES ('2017-06-26', '2017-06-27', '14:00', '11:00');

INSERT INTO Timeframes (startDate, endDate, startTime, endTime)
VALUES ('2017-06-27', '2017-06-28', '14:00', '11:00');

INSERT INTO Timeframes (startDate, endDate, startTime, endTime)
VALUES ('2017-06-28', '2017-06-29', '14:00', '11:00');

INSERT INTO Timeframes (startDate, endDate, startTime, endTime)
VALUES ('2017-06-29', '2017-06-30', '14:00', '11:00');

INSERT INTO Timeframes (startDate, endDate, startTime, endTime)
VALUES ('2017-06-30', '2017-07-01', '14:00', '11:00');

INSERT INTO Timeframes (startDate, endDate, startTime, endTime)
VALUES ('2017-06-01', '2017-06-02', '13:00', '12:00');

INSERT INTO Timeframes (startDate, endDate, startTime, endTime)
VALUES ('2017-06-02', '2017-06-03', '13:00', '12:00');

INSERT INTO Timeframes (startDate, endDate, startTime, endTime)
VALUES ('2017-06-03', '2017-06-04', '13:00', '12:00');

INSERT INTO Timeframes (startDate, endDate, startTime, endTime)
VALUES ('2017-06-04', '2017-06-05', '13:00', '12:00');

INSERT INTO Timeframes (startDate, endDate, startTime, endTime)
VALUES ('2017-06-05', '2017-06-06', '13:00', '12:00');

INSERT INTO Timeframes (startDate, endDate, startTime, endTime)
VALUES ('2017-06-06', '2017-06-07', '13:00', '12:00');

INSERT INTO Timeframes (startDate, endDate, startTime, endTime)
VALUES ('2017-06-07', '2017-06-08', '13:00', '12:00');

INSERT INTO Timeframes (startDate, endDate, startTime, endTime)
VALUES ('2017-06-08', '2017-06-09', '13:00', '12:00');

INSERT INTO Timeframes (startDate, endDate, startTime, endTime)
VALUES ('2017-06-09', '2017-06-10', '13:00', '12:00');

INSERT INTO Timeframes (startDate, endDate, startTime, endTime)
VALUES ('2017-06-10', '2017-06-11', '13:00', '12:00');

INSERT INTO Timeframes (startDate, endDate, startTime, endTime)
VALUES ('2017-06-11', '2017-06-12', '13:00', '12:00');

INSERT INTO Timeframes (startDate, endDate, startTime, endTime)
VALUES ('2017-06-12', '2017-06-13', '13:00', '12:00');

INSERT INTO Timeframes (startDate, endDate, startTime, endTime)
VALUES ('2017-06-13', '2017-06-14', '13:00', '12:00');

INSERT INTO Timeframes (startDate, endDate, startTime, endTime)
VALUES ('2017-06-14', '2017-06-15', '13:00', '12:00');

INSERT INTO Timeframes (startDate, endDate, startTime, endTime)
VALUES ('2017-06-15', '2017-06-16', '13:00', '12:00');

INSERT INTO Timeframes (startDate, endDate, startTime, endTime)
VALUES ('2017-06-16', '2017-06-17', '13:00', '12:00');

INSERT INTO Timeframes (startDate, endDate, startTime, endTime)
VALUES ('2017-06-17', '2017-06-18', '13:00', '12:00');

INSERT INTO Timeframes (startDate, endDate, startTime, endTime)
VALUES ('2017-06-18', '2017-06-19', '13:00', '12:00');

INSERT INTO Timeframes (startDate, endDate, startTime, endTime)
VALUES ('2017-06-19', '2017-06-20', '13:00', '12:00');

INSERT INTO Timeframes (startDate, endDate, startTime, endTime)
VALUES ('2017-06-20', '2017-06-21', '13:00', '12:00');

INSERT INTO Timeframes (startDate, endDate, startTime, endTime)
VALUES ('2017-06-21', '2017-06-22', '13:00', '12:00');

INSERT INTO Timeframes (startDate, endDate, startTime, endTime)
VALUES ('2017-06-22', '2017-06-23', '13:00', '12:00');

INSERT INTO Timeframes (startDate, endDate, startTime, endTime)
VALUES ('2017-06-23', '2017-06-24', '13:00', '12:00');

INSERT INTO Timeframes (startDate, endDate, startTime, endTime)
VALUES ('2017-06-24', '2017-06-25', '13:00', '12:00');

INSERT INTO Timeframes (startDate, endDate, startTime, endTime)
VALUES ('2017-06-25', '2017-06-26', '13:00', '12:00');

INSERT INTO Timeframes (startDate, endDate, startTime, endTime)
VALUES ('2017-06-26', '2017-06-27', '13:00', '12:00');

INSERT INTO Timeframes (startDate, endDate, startTime, endTime)
VALUES ('2017-06-27', '2017-06-28', '13:00', '12:00');

INSERT INTO Timeframes (startDate, endDate, startTime, endTime)
VALUES ('2017-06-28', '2017-06-29', '13:00', '12:00');

INSERT INTO Timeframes (startDate, endDate, startTime, endTime)
VALUES ('2017-06-29', '2017-06-30', '13:00', '12:00');

INSERT INTO Timeframes (startDate, endDate, startTime, endTime)
VALUES ('2017-06-30', '2017-07-01', '13:00', '12:00');


-- Insert test Reservables records.

INSERT INTO Reservables (locationName, timeframeID, cost)
VALUES ('Deluxe Cabin 1', 1, 90);

INSERT INTO Reservables (locationName, timeframeID, cost)
VALUES ('Deluxe Cabin 1', 2, 90);

INSERT INTO Reservables (locationName, timeframeID, cost)
VALUES ('Deluxe Cabin 1', 3, 90);

INSERT INTO Reservables (locationName, timeframeID, cost)
VALUES ('Deluxe Cabin 1', 4, 90);

INSERT INTO Reservables (locationName, timeframeID, cost)
VALUES ('Deluxe Cabin 1', 5, 90);

INSERT INTO Reservables (locationName, timeframeID, cost)
VALUES ('Deluxe Cabin 1', 6, 90);

INSERT INTO Reservables (locationName, timeframeID, cost)
VALUES ('Deluxe Cabin 1', 7, 90);

INSERT INTO Reservables (locationName, timeframeID, cost)
VALUES ('Deluxe Cabin 1', 8, 90);

INSERT INTO Reservables (locationName, timeframeID, cost)
VALUES ('Deluxe Cabin 1', 9, 90);

INSERT INTO Reservables (locationName, timeframeID, cost)
VALUES ('Deluxe Cabin 1', 10, 90);

INSERT INTO Reservables (locationName, timeframeID, cost)
VALUES ('Deluxe Cabin 1', 11, 90);

INSERT INTO Reservables (locationName, timeframeID, cost)
VALUES ('Deluxe Cabin 1', 12, 90);

INSERT INTO Reservables (locationName, timeframeID, cost)
VALUES ('Deluxe Cabin 1', 13, 90);

INSERT INTO Reservables (locationName, timeframeID, cost)
VALUES ('Deluxe Cabin 1', 14, 90);

INSERT INTO Reservables (locationName, timeframeID, cost)
VALUES ('Deluxe Cabin 1', 15, 90);

INSERT INTO Reservables (locationName, timeframeID, cost)
VALUES ('Deluxe Cabin 1', 16, 90);

INSERT INTO Reservables (locationName, timeframeID, cost)
VALUES ('Deluxe Cabin 1', 17, 90);

INSERT INTO Reservables (locationName, timeframeID, cost)
VALUES ('Deluxe Cabin 1', 18, 90);

INSERT INTO Reservables (locationName, timeframeID, cost)
VALUES ('Deluxe Cabin 1', 19, 90);

INSERT INTO Reservables (locationName, timeframeID, cost)
VALUES ('Deluxe Cabin 1', 20, 90);

INSERT INTO Reservables (locationName, timeframeID, cost)
VALUES ('Deluxe Cabin 1', 21, 90);

INSERT INTO Reservables (locationName, timeframeID, cost)
VALUES ('Deluxe Cabin 1', 22, 90);

INSERT INTO Reservables (locationName, timeframeID, cost)
VALUES ('Deluxe Cabin 1', 23, 90);

INSERT INTO Reservables (locationName, timeframeID, cost)
VALUES ('Deluxe Cabin 1', 24, 90);

INSERT INTO Reservables (locationName, timeframeID, cost)
VALUES ('Deluxe Cabin 1', 25, 90);

INSERT INTO Reservables (locationName, timeframeID, cost)
VALUES ('Deluxe Cabin 1', 26, 90);

INSERT INTO Reservables (locationName, timeframeID, cost)
VALUES ('Deluxe Cabin 1', 27, 90);

INSERT INTO Reservables (locationName, timeframeID, cost)
VALUES ('Deluxe Cabin 1', 28, 90);

INSERT INTO Reservables (locationName, timeframeID, cost)
VALUES ('Deluxe Cabin 1', 29, 90);

INSERT INTO Reservables (locationName, timeframeID, cost)
VALUES ('Deluxe Cabin 1', 30, 90);

INSERT INTO Reservables (locationName, timeframeID, cost)
VALUES ('Deluxe Cabin 2', 1, 90);

INSERT INTO Reservables (locationName, timeframeID, cost)
VALUES ('Deluxe Cabin 2', 2, 90);

INSERT INTO Reservables (locationName, timeframeID, cost)
VALUES ('Deluxe Cabin 2', 3, 90);

INSERT INTO Reservables (locationName, timeframeID, cost)
VALUES ('Deluxe Cabin 2', 4, 90);

INSERT INTO Reservables (locationName, timeframeID, cost)
VALUES ('Deluxe Cabin 2', 5, 90);

INSERT INTO Reservables (locationName, timeframeID, cost)
VALUES ('Deluxe Cabin 2', 6, 90);

INSERT INTO Reservables (locationName, timeframeID, cost)
VALUES ('Deluxe Cabin 2', 7, 90);

INSERT INTO Reservables (locationName, timeframeID, cost)
VALUES ('Deluxe Cabin 2', 8, 90);

INSERT INTO Reservables (locationName, timeframeID, cost)
VALUES ('Deluxe Cabin 2', 9, 90);

INSERT INTO Reservables (locationName, timeframeID, cost)
VALUES ('Deluxe Cabin 2', 10, 90);

INSERT INTO Reservables (locationName, timeframeID, cost)
VALUES ('Deluxe Cabin 2', 11, 90);

INSERT INTO Reservables (locationName, timeframeID, cost)
VALUES ('Deluxe Cabin 2', 12, 90);

INSERT INTO Reservables (locationName, timeframeID, cost)
VALUES ('Deluxe Cabin 2', 13, 90);

INSERT INTO Reservables (locationName, timeframeID, cost)
VALUES ('Deluxe Cabin 2', 14, 90);

INSERT INTO Reservables (locationName, timeframeID, cost)
VALUES ('Deluxe Cabin 2', 15, 90);

INSERT INTO Reservables (locationName, timeframeID, cost)
VALUES ('Deluxe Cabin 2', 16, 90);

INSERT INTO Reservables (locationName, timeframeID, cost)
VALUES ('Deluxe Cabin 2', 17, 90);

INSERT INTO Reservables (locationName, timeframeID, cost)
VALUES ('Deluxe Cabin 2', 18, 90);

INSERT INTO Reservables (locationName, timeframeID, cost)
VALUES ('Deluxe Cabin 2', 19, 90);

INSERT INTO Reservables (locationName, timeframeID, cost)
VALUES ('Deluxe Cabin 2', 20, 90);

INSERT INTO Reservables (locationName, timeframeID, cost)
VALUES ('Deluxe Cabin 2', 21, 90);

INSERT INTO Reservables (locationName, timeframeID, cost)
VALUES ('Deluxe Cabin 2', 22, 90);

INSERT INTO Reservables (locationName, timeframeID, cost)
VALUES ('Deluxe Cabin 2', 23, 90);

INSERT INTO Reservables (locationName, timeframeID, cost)
VALUES ('Deluxe Cabin 2', 24, 90);

INSERT INTO Reservables (locationName, timeframeID, cost)
VALUES ('Deluxe Cabin 2', 25, 90);

INSERT INTO Reservables (locationName, timeframeID, cost)
VALUES ('Deluxe Cabin 2', 26, 90);

INSERT INTO Reservables (locationName, timeframeID, cost)
VALUES ('Deluxe Cabin 2', 27, 90);

INSERT INTO Reservables (locationName, timeframeID, cost)
VALUES ('Deluxe Cabin 2', 28, 90);

INSERT INTO Reservables (locationName, timeframeID, cost)
VALUES ('Deluxe Cabin 2', 29, 90);

INSERT INTO Reservables (locationName, timeframeID, cost)
VALUES ('Deluxe Cabin 2', 30, 90);

INSERT INTO Reservables (locationName, timeframeID, cost)
VALUES ('Small Cabin 1', 1, 60);

INSERT INTO Reservables (locationName, timeframeID, cost)
VALUES ('Small Cabin 1', 2, 60);

INSERT INTO Reservables (locationName, timeframeID, cost)
VALUES ('Small Cabin 1', 3, 60);

INSERT INTO Reservables (locationName, timeframeID, cost)
VALUES ('Small Cabin 1', 4, 60);

INSERT INTO Reservables (locationName, timeframeID, cost)
VALUES ('Small Cabin 1', 5, 60);

INSERT INTO Reservables (locationName, timeframeID, cost)
VALUES ('Small Cabin 1', 6, 60);

INSERT INTO Reservables (locationName, timeframeID, cost)
VALUES ('Small Cabin 1', 7, 60);

INSERT INTO Reservables (locationName, timeframeID, cost)
VALUES ('Small Cabin 1', 8, 60);

INSERT INTO Reservables (locationName, timeframeID, cost)
VALUES ('Small Cabin 1', 9, 60);

INSERT INTO Reservables (locationName, timeframeID, cost)
VALUES ('Small Cabin 1', 10, 60);

INSERT INTO Reservables (locationName, timeframeID, cost)
VALUES ('Small Cabin 1', 11, 60);

INSERT INTO Reservables (locationName, timeframeID, cost)
VALUES ('Small Cabin 1', 12, 60);

INSERT INTO Reservables (locationName, timeframeID, cost)
VALUES ('Small Cabin 1', 13, 60);

INSERT INTO Reservables (locationName, timeframeID, cost)
VALUES ('Small Cabin 1', 14, 60);

INSERT INTO Reservables (locationName, timeframeID, cost)
VALUES ('Small Cabin 1', 15, 60);

INSERT INTO Reservables (locationName, timeframeID, cost)
VALUES ('Small Cabin 1', 16, 60);

INSERT INTO Reservables (locationName, timeframeID, cost)
VALUES ('Small Cabin 1', 17, 60);

INSERT INTO Reservables (locationName, timeframeID, cost)
VALUES ('Small Cabin 1', 18, 60);

INSERT INTO Reservables (locationName, timeframeID, cost)
VALUES ('Small Cabin 1', 19, 60);

INSERT INTO Reservables (locationName, timeframeID, cost)
VALUES ('Small Cabin 1', 20, 60);

INSERT INTO Reservables (locationName, timeframeID, cost)
VALUES ('Small Cabin 1', 21, 60);

INSERT INTO Reservables (locationName, timeframeID, cost)
VALUES ('Small Cabin 1', 22, 60);

INSERT INTO Reservables (locationName, timeframeID, cost)
VALUES ('Small Cabin 1', 23, 60);

INSERT INTO Reservables (locationName, timeframeID, cost)
VALUES ('Small Cabin 1', 24, 60);

INSERT INTO Reservables (locationName, timeframeID, cost)
VALUES ('Small Cabin 1', 25, 60);

INSERT INTO Reservables (locationName, timeframeID, cost)
VALUES ('Small Cabin 1', 26, 60);

INSERT INTO Reservables (locationName, timeframeID, cost)
VALUES ('Small Cabin 1', 27, 60);

INSERT INTO Reservables (locationName, timeframeID, cost)
VALUES ('Small Cabin 1', 28, 60);

INSERT INTO Reservables (locationName, timeframeID, cost)
VALUES ('Small Cabin 1', 29, 60);

INSERT INTO Reservables (locationName, timeframeID, cost)
VALUES ('Small Cabin 1', 30, 60);

INSERT INTO Reservables (locationName, timeframeID, cost)
VALUES ('Small Cabin 2', 1, 60);

INSERT INTO Reservables (locationName, timeframeID, cost)
VALUES ('Small Cabin 2', 2, 60);

INSERT INTO Reservables (locationName, timeframeID, cost)
VALUES ('Small Cabin 2', 3, 60);

INSERT INTO Reservables (locationName, timeframeID, cost)
VALUES ('Small Cabin 2', 4, 60);

INSERT INTO Reservables (locationName, timeframeID, cost)
VALUES ('Small Cabin 2', 5, 60);

INSERT INTO Reservables (locationName, timeframeID, cost)
VALUES ('Small Cabin 2', 6, 60);

INSERT INTO Reservables (locationName, timeframeID, cost)
VALUES ('Small Cabin 2', 7, 60);

INSERT INTO Reservables (locationName, timeframeID, cost)
VALUES ('Small Cabin 2', 8, 60);

INSERT INTO Reservables (locationName, timeframeID, cost)
VALUES ('Small Cabin 2', 9, 60);

INSERT INTO Reservables (locationName, timeframeID, cost)
VALUES ('Small Cabin 2', 10, 60);

INSERT INTO Reservables (locationName, timeframeID, cost)
VALUES ('Small Cabin 2', 11, 60);

INSERT INTO Reservables (locationName, timeframeID, cost)
VALUES ('Small Cabin 2', 12, 60);

INSERT INTO Reservables (locationName, timeframeID, cost)
VALUES ('Small Cabin 2', 13, 60);

INSERT INTO Reservables (locationName, timeframeID, cost)
VALUES ('Small Cabin 2', 14, 60);

INSERT INTO Reservables (locationName, timeframeID, cost)
VALUES ('Small Cabin 2', 15, 60);

INSERT INTO Reservables (locationName, timeframeID, cost)
VALUES ('Small Cabin 2', 16, 60);

INSERT INTO Reservables (locationName, timeframeID, cost)
VALUES ('Small Cabin 2', 17, 60);

INSERT INTO Reservables (locationName, timeframeID, cost)
VALUES ('Small Cabin 2', 18, 60);

INSERT INTO Reservables (locationName, timeframeID, cost)
VALUES ('Small Cabin 2', 19, 60);

INSERT INTO Reservables (locationName, timeframeID, cost)
VALUES ('Small Cabin 2', 20, 60);

INSERT INTO Reservables (locationName, timeframeID, cost)
VALUES ('Small Cabin 2', 21, 60);

INSERT INTO Reservables (locationName, timeframeID, cost)
VALUES ('Small Cabin 2', 22, 60);

INSERT INTO Reservables (locationName, timeframeID, cost)
VALUES ('Small Cabin 2', 23, 60);

INSERT INTO Reservables (locationName, timeframeID, cost)
VALUES ('Small Cabin 2', 24, 60);

INSERT INTO Reservables (locationName, timeframeID, cost)
VALUES ('Small Cabin 2', 25, 60);

INSERT INTO Reservables (locationName, timeframeID, cost)
VALUES ('Small Cabin 2', 26, 60);

INSERT INTO Reservables (locationName, timeframeID, cost)
VALUES ('Small Cabin 2', 27, 60);

INSERT INTO Reservables (locationName, timeframeID, cost)
VALUES ('Small Cabin 2', 28, 60);

INSERT INTO Reservables (locationName, timeframeID, cost)
VALUES ('Small Cabin 2', 29, 60);

INSERT INTO Reservables (locationName, timeframeID, cost)
VALUES ('Small Cabin 2', 30, 60);

INSERT INTO Reservables (locationName, timeframeID, cost)
VALUES ('RV Lot 1', 31, 70);

INSERT INTO Reservables (locationName, timeframeID, cost)
VALUES ('RV Lot 1', 32, 70);

INSERT INTO Reservables (locationName, timeframeID, cost)
VALUES ('RV Lot 1', 33, 70);

INSERT INTO Reservables (locationName, timeframeID, cost)
VALUES ('RV Lot 1', 34, 70);

INSERT INTO Reservables (locationName, timeframeID, cost)
VALUES ('RV Lot 1', 35, 70);

INSERT INTO Reservables (locationName, timeframeID, cost)
VALUES ('RV Lot 1', 36, 70);

INSERT INTO Reservables (locationName, timeframeID, cost)
VALUES ('RV Lot 1', 37, 70);

INSERT INTO Reservables (locationName, timeframeID, cost)
VALUES ('RV Lot 1', 38, 70);

INSERT INTO Reservables (locationName, timeframeID, cost)
VALUES ('RV Lot 1', 39, 70);

INSERT INTO Reservables (locationName, timeframeID, cost)
VALUES ('RV Lot 1', 40, 70);

INSERT INTO Reservables (locationName, timeframeID, cost)
VALUES ('RV Lot 1', 41, 70);

INSERT INTO Reservables (locationName, timeframeID, cost)
VALUES ('RV Lot 1', 42, 70);

INSERT INTO Reservables (locationName, timeframeID, cost)
VALUES ('RV Lot 1', 43, 70);

INSERT INTO Reservables (locationName, timeframeID, cost)
VALUES ('RV Lot 1', 44, 70);

INSERT INTO Reservables (locationName, timeframeID, cost)
VALUES ('RV Lot 1', 45, 70);

INSERT INTO Reservables (locationName, timeframeID, cost)
VALUES ('RV Lot 1', 46, 70);

INSERT INTO Reservables (locationName, timeframeID, cost)
VALUES ('RV Lot 1', 47, 70);

INSERT INTO Reservables (locationName, timeframeID, cost)
VALUES ('RV Lot 1', 48, 70);

INSERT INTO Reservables (locationName, timeframeID, cost)
VALUES ('RV Lot 1', 49, 70);

INSERT INTO Reservables (locationName, timeframeID, cost)
VALUES ('RV Lot 1', 50, 70);

INSERT INTO Reservables (locationName, timeframeID, cost)
VALUES ('RV Lot 1', 51, 70);

INSERT INTO Reservables (locationName, timeframeID, cost)
VALUES ('RV Lot 1', 52, 70);

INSERT INTO Reservables (locationName, timeframeID, cost)
VALUES ('RV Lot 1', 53, 70);

INSERT INTO Reservables (locationName, timeframeID, cost)
VALUES ('RV Lot 1', 54, 70);

INSERT INTO Reservables (locationName, timeframeID, cost)
VALUES ('RV Lot 1', 55, 70);

INSERT INTO Reservables (locationName, timeframeID, cost)
VALUES ('RV Lot 1', 56, 70);

INSERT INTO Reservables (locationName, timeframeID, cost)
VALUES ('RV Lot 1', 57, 70);

INSERT INTO Reservables (locationName, timeframeID, cost)
VALUES ('RV Lot 1', 58, 70);

INSERT INTO Reservables (locationName, timeframeID, cost)
VALUES ('RV Lot 1', 59, 70);

INSERT INTO Reservables (locationName, timeframeID, cost)
VALUES ('RV Lot 1', 60, 70);

INSERT INTO Reservables (locationName, timeframeID, cost)
VALUES ('RV Lot 2', 31, 70);

INSERT INTO Reservables (locationName, timeframeID, cost)
VALUES ('RV Lot 2', 32, 70);

INSERT INTO Reservables (locationName, timeframeID, cost)
VALUES ('RV Lot 2', 33, 70);

INSERT INTO Reservables (locationName, timeframeID, cost)
VALUES ('RV Lot 2', 34, 70);

INSERT INTO Reservables (locationName, timeframeID, cost)
VALUES ('RV Lot 2', 35, 70);

INSERT INTO Reservables (locationName, timeframeID, cost)
VALUES ('RV Lot 2', 36, 70);

INSERT INTO Reservables (locationName, timeframeID, cost)
VALUES ('RV Lot 2', 37, 70);

INSERT INTO Reservables (locationName, timeframeID, cost)
VALUES ('RV Lot 2', 38, 70);

INSERT INTO Reservables (locationName, timeframeID, cost)
VALUES ('RV Lot 2', 39, 70);

INSERT INTO Reservables (locationName, timeframeID, cost)
VALUES ('RV Lot 2', 40, 70);

INSERT INTO Reservables (locationName, timeframeID, cost)
VALUES ('RV Lot 2', 41, 70);

INSERT INTO Reservables (locationName, timeframeID, cost)
VALUES ('RV Lot 2', 42, 70);

INSERT INTO Reservables (locationName, timeframeID, cost)
VALUES ('RV Lot 2', 43, 70);

INSERT INTO Reservables (locationName, timeframeID, cost)
VALUES ('RV Lot 2', 44, 70);

INSERT INTO Reservables (locationName, timeframeID, cost)
VALUES ('RV Lot 2', 45, 70);

INSERT INTO Reservables (locationName, timeframeID, cost)
VALUES ('RV Lot 2', 46, 70);

INSERT INTO Reservables (locationName, timeframeID, cost)
VALUES ('RV Lot 2', 47, 70);

INSERT INTO Reservables (locationName, timeframeID, cost)
VALUES ('RV Lot 2', 48, 70);

INSERT INTO Reservables (locationName, timeframeID, cost)
VALUES ('RV Lot 2', 49, 70);

INSERT INTO Reservables (locationName, timeframeID, cost)
VALUES ('RV Lot 2', 50, 70);

INSERT INTO Reservables (locationName, timeframeID, cost)
VALUES ('RV Lot 2', 51, 70);

INSERT INTO Reservables (locationName, timeframeID, cost)
VALUES ('RV Lot 2', 52, 70);

INSERT INTO Reservables (locationName, timeframeID, cost)
VALUES ('RV Lot 2', 53, 70);

INSERT INTO Reservables (locationName, timeframeID, cost)
VALUES ('RV Lot 2', 54, 70);

INSERT INTO Reservables (locationName, timeframeID, cost)
VALUES ('RV Lot 2', 55, 70);

INSERT INTO Reservables (locationName, timeframeID, cost)
VALUES ('RV Lot 2', 56, 70);

INSERT INTO Reservables (locationName, timeframeID, cost)
VALUES ('RV Lot 2', 57, 70);

INSERT INTO Reservables (locationName, timeframeID, cost)
VALUES ('RV Lot 2', 58, 70);

INSERT INTO Reservables (locationName, timeframeID, cost)
VALUES ('RV Lot 2', 59, 70);

INSERT INTO Reservables (locationName, timeframeID, cost)
VALUES ('RV Lot 2', 60, 70);

INSERT INTO Reservables (locationName, timeframeID, cost)
VALUES ('RV Lot 3', 31, 70);

INSERT INTO Reservables (locationName, timeframeID, cost)
VALUES ('RV Lot 3', 32, 70);

INSERT INTO Reservables (locationName, timeframeID, cost)
VALUES ('RV Lot 3', 33, 70);

INSERT INTO Reservables (locationName, timeframeID, cost)
VALUES ('RV Lot 3', 34, 70);

INSERT INTO Reservables (locationName, timeframeID, cost)
VALUES ('RV Lot 3', 35, 70);

INSERT INTO Reservables (locationName, timeframeID, cost)
VALUES ('RV Lot 3', 36, 70);

INSERT INTO Reservables (locationName, timeframeID, cost)
VALUES ('RV Lot 3', 37, 70);

INSERT INTO Reservables (locationName, timeframeID, cost)
VALUES ('RV Lot 3', 38, 70);

INSERT INTO Reservables (locationName, timeframeID, cost)
VALUES ('RV Lot 3', 39, 70);

INSERT INTO Reservables (locationName, timeframeID, cost)
VALUES ('RV Lot 3', 40, 70);

INSERT INTO Reservables (locationName, timeframeID, cost)
VALUES ('RV Lot 3', 41, 70);

INSERT INTO Reservables (locationName, timeframeID, cost)
VALUES ('RV Lot 3', 42, 70);

INSERT INTO Reservables (locationName, timeframeID, cost)
VALUES ('RV Lot 3', 43, 70);

INSERT INTO Reservables (locationName, timeframeID, cost)
VALUES ('RV Lot 3', 44, 70);

INSERT INTO Reservables (locationName, timeframeID, cost)
VALUES ('RV Lot 3', 45, 70);

INSERT INTO Reservables (locationName, timeframeID, cost)
VALUES ('RV Lot 3', 46, 70);

INSERT INTO Reservables (locationName, timeframeID, cost)
VALUES ('RV Lot 3', 47, 70);

INSERT INTO Reservables (locationName, timeframeID, cost)
VALUES ('RV Lot 3', 48, 70);

INSERT INTO Reservables (locationName, timeframeID, cost)
VALUES ('RV Lot 3', 49, 70);

INSERT INTO Reservables (locationName, timeframeID, cost)
VALUES ('RV Lot 3', 50, 70);

INSERT INTO Reservables (locationName, timeframeID, cost)
VALUES ('RV Lot 3', 51, 70);

INSERT INTO Reservables (locationName, timeframeID, cost)
VALUES ('RV Lot 3', 52, 70);

INSERT INTO Reservables (locationName, timeframeID, cost)
VALUES ('RV Lot 3', 53, 70);

INSERT INTO Reservables (locationName, timeframeID, cost)
VALUES ('RV Lot 3', 54, 70);

INSERT INTO Reservables (locationName, timeframeID, cost)
VALUES ('RV Lot 3', 55, 70);

INSERT INTO Reservables (locationName, timeframeID, cost)
VALUES ('RV Lot 3', 56, 70);

INSERT INTO Reservables (locationName, timeframeID, cost)
VALUES ('RV Lot 3', 57, 70);

INSERT INTO Reservables (locationName, timeframeID, cost)
VALUES ('RV Lot 3', 58, 70);

INSERT INTO Reservables (locationName, timeframeID, cost)
VALUES ('RV Lot 3', 59, 70);

INSERT INTO Reservables (locationName, timeframeID, cost)
VALUES ('RV Lot 3', 60, 70);

INSERT INTO Reservables (locationName, timeframeID, cost)
VALUES ('RV Lot 4', 31, 70);

INSERT INTO Reservables (locationName, timeframeID, cost)
VALUES ('RV Lot 4', 32, 70);

INSERT INTO Reservables (locationName, timeframeID, cost)
VALUES ('RV Lot 4', 33, 70);

INSERT INTO Reservables (locationName, timeframeID, cost)
VALUES ('RV Lot 4', 34, 70);

INSERT INTO Reservables (locationName, timeframeID, cost)
VALUES ('RV Lot 4', 35, 70);

INSERT INTO Reservables (locationName, timeframeID, cost)
VALUES ('RV Lot 4', 36, 70);

INSERT INTO Reservables (locationName, timeframeID, cost)
VALUES ('RV Lot 4', 37, 70);

INSERT INTO Reservables (locationName, timeframeID, cost)
VALUES ('RV Lot 4', 38, 70);

INSERT INTO Reservables (locationName, timeframeID, cost)
VALUES ('RV Lot 4', 39, 70);

INSERT INTO Reservables (locationName, timeframeID, cost)
VALUES ('RV Lot 4', 40, 70);

INSERT INTO Reservables (locationName, timeframeID, cost)
VALUES ('RV Lot 4', 41, 70);

INSERT INTO Reservables (locationName, timeframeID, cost)
VALUES ('RV Lot 4', 42, 70);

INSERT INTO Reservables (locationName, timeframeID, cost)
VALUES ('RV Lot 4', 43, 70);

INSERT INTO Reservables (locationName, timeframeID, cost)
VALUES ('RV Lot 4', 44, 70);

INSERT INTO Reservables (locationName, timeframeID, cost)
VALUES ('RV Lot 4', 45, 70);

INSERT INTO Reservables (locationName, timeframeID, cost)
VALUES ('RV Lot 4', 46, 70);

INSERT INTO Reservables (locationName, timeframeID, cost)
VALUES ('RV Lot 4', 47, 70);

INSERT INTO Reservables (locationName, timeframeID, cost)
VALUES ('RV Lot 4', 48, 70);

INSERT INTO Reservables (locationName, timeframeID, cost)
VALUES ('RV Lot 4', 49, 70);

INSERT INTO Reservables (locationName, timeframeID, cost)
VALUES ('RV Lot 4', 50, 70);

INSERT INTO Reservables (locationName, timeframeID, cost)
VALUES ('RV Lot 4', 51, 70);

INSERT INTO Reservables (locationName, timeframeID, cost)
VALUES ('RV Lot 4', 52, 70);

INSERT INTO Reservables (locationName, timeframeID, cost)
VALUES ('RV Lot 4', 53, 70);

INSERT INTO Reservables (locationName, timeframeID, cost)
VALUES ('RV Lot 4', 54, 70);

INSERT INTO Reservables (locationName, timeframeID, cost)
VALUES ('RV Lot 4', 55, 70);

INSERT INTO Reservables (locationName, timeframeID, cost)
VALUES ('RV Lot 4', 56, 70);

INSERT INTO Reservables (locationName, timeframeID, cost)
VALUES ('RV Lot 4', 57, 70);

INSERT INTO Reservables (locationName, timeframeID, cost)
VALUES ('RV Lot 4', 58, 70);

INSERT INTO Reservables (locationName, timeframeID, cost)
VALUES ('RV Lot 4', 59, 70);

INSERT INTO Reservables (locationName, timeframeID, cost)
VALUES ('RV Lot 4', 60, 70);

INSERT INTO Reservables (locationName, timeframeID, cost)
VALUES ('RV Lot 5', 31, 70);

INSERT INTO Reservables (locationName, timeframeID, cost)
VALUES ('RV Lot 5', 32, 70);

INSERT INTO Reservables (locationName, timeframeID, cost)
VALUES ('RV Lot 5', 33, 70);

INSERT INTO Reservables (locationName, timeframeID, cost)
VALUES ('RV Lot 5', 34, 70);

INSERT INTO Reservables (locationName, timeframeID, cost)
VALUES ('RV Lot 5', 35, 70);

INSERT INTO Reservables (locationName, timeframeID, cost)
VALUES ('RV Lot 5', 36, 70);

INSERT INTO Reservables (locationName, timeframeID, cost)
VALUES ('RV Lot 5', 37, 70);

INSERT INTO Reservables (locationName, timeframeID, cost)
VALUES ('RV Lot 5', 38, 70);

INSERT INTO Reservables (locationName, timeframeID, cost)
VALUES ('RV Lot 5', 39, 70);

INSERT INTO Reservables (locationName, timeframeID, cost)
VALUES ('RV Lot 5', 40, 70);

INSERT INTO Reservables (locationName, timeframeID, cost)
VALUES ('RV Lot 5', 41, 70);

INSERT INTO Reservables (locationName, timeframeID, cost)
VALUES ('RV Lot 5', 42, 70);

INSERT INTO Reservables (locationName, timeframeID, cost)
VALUES ('RV Lot 5', 43, 70);

INSERT INTO Reservables (locationName, timeframeID, cost)
VALUES ('RV Lot 5', 44, 70);

INSERT INTO Reservables (locationName, timeframeID, cost)
VALUES ('RV Lot 5', 45, 70);

INSERT INTO Reservables (locationName, timeframeID, cost)
VALUES ('RV Lot 5', 46, 70);

INSERT INTO Reservables (locationName, timeframeID, cost)
VALUES ('RV Lot 5', 47, 70);

INSERT INTO Reservables (locationName, timeframeID, cost)
VALUES ('RV Lot 5', 48, 70);

INSERT INTO Reservables (locationName, timeframeID, cost)
VALUES ('RV Lot 5', 49, 70);

INSERT INTO Reservables (locationName, timeframeID, cost)
VALUES ('RV Lot 5', 50, 70);

INSERT INTO Reservables (locationName, timeframeID, cost)
VALUES ('RV Lot 5', 51, 70);

INSERT INTO Reservables (locationName, timeframeID, cost)
VALUES ('RV Lot 5', 52, 70);

INSERT INTO Reservables (locationName, timeframeID, cost)
VALUES ('RV Lot 5', 53, 70);

INSERT INTO Reservables (locationName, timeframeID, cost)
VALUES ('RV Lot 5', 54, 70);

INSERT INTO Reservables (locationName, timeframeID, cost)
VALUES ('RV Lot 5', 55, 70);

INSERT INTO Reservables (locationName, timeframeID, cost)
VALUES ('RV Lot 5', 56, 70);

INSERT INTO Reservables (locationName, timeframeID, cost)
VALUES ('RV Lot 5', 57, 70);

INSERT INTO Reservables (locationName, timeframeID, cost)
VALUES ('RV Lot 5', 58, 70);

INSERT INTO Reservables (locationName, timeframeID, cost)
VALUES ('RV Lot 5', 59, 70);

INSERT INTO Reservables (locationName, timeframeID, cost)
VALUES ('RV Lot 5', 60, 70);


-- Insert test Reservers records.

INSERT INTO Reservers (firstName, lastName, email, phone)
VALUES ('Timothy', 'Burns', 'celticspice@openbox.org', '6972130085');

INSERT INTO Reservers (firstName, lastName, email, phone)
VALUES ('Jessica', 'Gay', 'jessica.gay@email.com', '3025761097');

INSERT INTO Reservers (firstName, lastName, email, phone)
VALUES ('Shane', 'McCann', 'shane.mccann@email.com', '9105551234');

INSERT INTO Reservers (firstName, lastName, email, phone)
VALUES ('Joe', 'Random', 'joe.random@email.com', '1234567890');

INSERT INTO Reservers (firstName, lastName, email, phone)
VALUES ('John', 'Doe', 'john.doe@email.com', '9876543210');

INSERT INTO Reservers (firstName, lastName, email, phone)
VALUES ('Jane', 'Doe', 'Jane.Doe@email.com', '9102846319');

INSERT INTO Reservers (firstName, lastName, email, phone)
VALUES ('Dan', 'Smith', 'bob.smith@email.com', '3210892519');

INSERT INTO Reservers (firstName, lastName, email, phone)
VALUES ('Veronica', 'Johnson', 'verJohnson@email.com', '9103446288');

INSERT INTO Reservers (firstName, lastName, email, phone)
VALUES ('Kate', 'Taff', 'kTaff@email.com', '9512740531');

INSERT INTO Reservers (firstName, lastName, email, phone)
VALUES ('Bob', 'Steve', 'robSteph@email.com', '1646680023');


-- Insert test Reservations records.

INSERT INTO Reservations (locationName, timeframeID, reserverID, eventType, numberAttending)
VALUES ('Deluxe Cabin 1', 24, 1, 'Camping', 5);

INSERT INTO Reservations (locationName, timeframeID, reserverID, eventType, numberAttending)
VALUES ('RV Lot 4', 39, 8, 'Camping', 6);

INSERT INTO Reservations (locationName, timeframeID, reserverID, eventType, numberAttending)
VALUES ('Deluxe Cabin 1', 5, 6, 'Camping', 4);

INSERT INTO Reservations (locationName, timeframeID, reserverID, eventType, numberAttending)
VALUES ('Small Cabin 2', 2, 3, 'Camping', 3);

INSERT INTO Reservations (locationName, timeframeID, reserverID, eventType, numberAttending)
VALUES ('Deluxe Cabin 1', 19, 5, 'Camping', 5);

INSERT INTO Reservations (locationName, timeframeID, reserverID, eventType, numberAttending)
VALUES ('Deluxe Cabin 2', 24, 2, 'Camping', 4);

INSERT INTO Reservations (locationName, timeframeID, reserverID, eventType, numberAttending)
VALUES ('Deluxe Cabin 1', 8, 4, 'Camping', 6);

INSERT INTO Reservations (locationName, timeframeID, reserverID, eventType, numberAttending)
VALUES ('RV Lot 5', 55, 7, 'Camping', 4);

INSERT INTO Reservations (locationName, timeframeID, reserverID, eventType, numberAttending)
VALUES ('Small Cabin 1', 29, 10, 'Camping', 2);

INSERT INTO Reservations (locationName, timeframeID, reserverID, eventType, numberAttending)
VALUES ('RV Lot 2', 46, 9, 'Camping', 5);